{
  "area medial and caudal to the green point": {
    "1": 100.18032458425165,
    "2": 100.18032458425165,
    "3": 100.18032458425165,
    "4": 100.18032458425165,
    "5": 100.18032458425165,
    "6": 100.18032458425165,
    "7": 100.18032458425165,
    "8": 100.18032458425165,
    "9": 100.18032458425165,
    "10": 100.18032458425165,
    "11": 100.18032458425165,
    "12": 100.18032458425165,
    "13": 100.18032458425165,
    "14": 100.18032458425165
  },
  "Cerebellum": {
    "4": 691.3536691272253,
    "5": 75.40340823405218,
    "6": 58.00127602807262,
    "7": 47.826294896934336,
    "8": 43.44614849893557,
    "9": 41.10321016071355,
    "10": 52.994170641229466,
    "11": 44.29678848283499,
    "12": 78.20442637053257,
    "13": 99.68102073365232,
    "14": 183.28445747800586,
    "15": 209.64360587002096,
    "16": 379.07505686125853,
    "17": 512.2950819672132,
    "18": 1464.1288433382138,
    "19": 1424.5014245014245
  },
  "Corpus Callosum": {
    "20": 6046.766532700036,
    "21": 1978.703174096166,
    "22": 1622.1969632262599,
    "23": 321.23353678123993,
    "24": 323.51989647363314,
    "25": 450.04500450045003,
    "26": 431.59257660768236,
    "27": 621.1180124223603,
    "28": 2638.5224274406332
  },
  "Medulla Oblongata": {
    "3": 1342.2818791946308,
    "4": 1104.9723756906078,
    "5": 1096.4912280701753,
    "6": 862.0689655172414,
    "7": 770.4160246533128,
    "8": 705.7163020465773
  },
  "Occipital Lobe": {
    "10": 1193.3174224343675,
    "11": 418.5851820845542,
    "12": 82.5559316436886,
    "13": 78.46214201647705,
    "14": 67.80120686148213,
    "15": 59.71218725741924,
    "16": 57.365764111977974,
    "17": 82.89124668435014,
    "18": 90.1144453455889,
    "19": 78.51142341210647,
    "20": 102.54306808859721,
    "21": 95.6297217175098,
    "22": 96.09840476648088,
    "23": 92.69558769002596,
    "24": 97.36150326161037,
    "25": 98.21253191907287,
    "26": 109.62508221881167,
    "27": 176.3357432551578
  },
  "Parietal Lobe": {
    "22": 0,
    "23": 190.78510577886237,
    "24": 176.76866690192256,
    "25": 29.834715675159615,
    "26": 29.053720328888115,
    "27": 29.308323563892145,
    "28": 26.39358108108108,
    "29": 27.953262145692403,
    "30": 28.910925438723293,
    "31": 30.70215836173283,
    "32": 33.579583613163194,
    "33": 40.01920922042581,
    "34": 51.78663904712584
  },
  "Pons": {
    "9": 451.46726862302484,
    "10": 207.64119601328903,
    "11": 229.77941176470588,
    "12": 210.21652301870927,
    "13": 252.33409033560434,
    "14": 288.1844380403458
  },
  "Thalamus": {
    "18": 1656.8399705267723,
    "19": 705.0089098603689,
    "20": 723.5202826372922,
    "21": 779.8410036447306,
    "22": 1036.016672865057,
    "23": 1503.7730003776392
  },
  "Frontal Lobe": {
    "15": 183.7897445322551,
    "16": 80.147471347279,
    "17": 58.77512636652169,
    "18": 54.68963631391851,
    "19": 55.026687943652675,
    "20": 57.71006463527239,
    "21": 46.82963379226374,
    "22": 40.58771004139946,
    "23": 39.13894324853229,
    "24": 38.255547054322875,
    "25": 36.40334910811794,
    "26": 33.81691522099354,
    "27": 32.571168002084555,
    "28": 26.44383329807489,
    "29": 27.8955590270029,
    "30": 30.078806472959155,
    "31": 30.840400925212027,
    "32": 35.92599245554158,
    "33": 39.95525011986575,
    "34": 62.95643414756988,
    "untitled folder": 0
  },
  "Hypothalamus": {
    "16": 1930.5019305019305,
    "17": 8333.333333333332,
    "18": 6192.009815198221
  },
  "Lateral Ventricle": {
    "18": 4520.2372998036,
    "19": 3786.8162692847127,
    "20": 3797.0737311853945,
    "21": 7479.873849801852,
    "22": 6759.653437974433,
    "23": 4252.009003301361,
    "24": 1167.4164081697077,
    "25": 1171.856605652089,
    "26": 1236.908720149686,
    "27": 6663.045446315407
  },
  "Optic Chiasm": {
    "15": 529.9417064122946,
    "16": 1129.9435028248588
  },
  "Superior Colliculus": {
    "17": 1142.857142857143,
    "18": 6905.47098397029
  },
  "Optic Nerves": {
    "13": 2349.2485160465385,
    "14": 1354.1017272360555,
    "15": 1262.0363062352012
  },
  "Spinal Cord": {
    "1": 1934.2359767891683,
    "2": 1574.8031496062993,
    "3": 1342.2818791946308
  },
  "Midbrain": {
    "15": 315.75623618566465,
    "16": 249.8750624687656,
    "17": 218.1976871045167,
    "18": 0,
    "19": 0
  },
  "Temporal Lobe": {
    "9": 780.1675364425932,
    "10": 377.8544368859332,
    "11": 697.0212011222923,
    "12": 161.5355789175242,
    "13": 127.70353772664149,
    "14": 113.91342689845791,
    "15": 145.46616183815547,
    "16": 124.6953029275131,
    "17": 133.66531319490736,
    "18": 159.11468291713072,
    "19": 165.8081184125203,
    "20": 163.47045638417512,
    "21": 175.22260091802036,
    "22": 203.37892135070945
  },
  "Caudate Nucleus": {
    "18": 3344.4909578499064,
    "19": 2213.644857984287,
    "20": 1902.8725457925966,
    "21": 1920.3076917403723,
    "22": 1778.8550126858586,
    "23": 1525.7675521260421,
    "24": 1626.4996564663602,
    "25": 1460.7751204927922,
    "26": 1978.0731365498268
  },
  "Amygdala": {
    "15": 2391.2037860726614,
    "16": 1821.7898006318192
  },
  "Putamen": {
    "18": 1995.9708601958969,
    "19": 1045.8495867705356,
    "20": 1103.332641284249,
    "21": 1331.3874253226786,
    "22": 1679.2907217425145,
    "23": 2441.146471727673
  }
}
