{
  "area medial and caudal to the green point": {
    "1": [
      249.5643544304,
      251,
      295,
      467.3263797468
    ],
    "2": [
      249.5643544304,
      251,
      295,
      467.3263797468
    ],
    "3": [
      249.5643544304,
      251,
      295,
      467.3263797468
    ],
    "4": [
      249.5643544304,
      251,
      295,
      467.3263797468
    ],
    "5": [
      249.5643544304,
      251,
      295,
      467.3263797468
    ],
    "6": [
      249.5643544304,
      251,
      295,
      467.3263797468
    ],
    "7": [
      249.5643544304,
      251,
      295,
      467.3263797468
    ],
    "8": [
      249.5643544304,
      251,
      295,
      467.3263797468
    ],
    "9": [
      249.5643544304,
      251,
      295,
      467.3263797468
    ],
    "10": [
      249.5643544304,
      251,
      295,
      467.3263797468
    ],
    "11": [
      249.5643544304,
      251,
      295,
      467.3263797468
    ],
    "12": [
      249.5643544304,
      251,
      295,
      467.3263797468
    ],
    "13": [
      249.5643544304,
      251,
      295,
      467.3263797468
    ],
    "14": [
      1000,
      1000,
      0,
      0
    ]
  },
  "Cerebellum": {
    "4": [
      160.75,
      308.3,
      340.15000000000003,
      393.45
    ],
    "5": [
      155.75351181030274,
      303.75,
      349.11632232666017,
      399.95
    ],
    "6": [
      152.3,
      303.75,
      357.05,
      411.65000000000003
    ],
    "7": [
      134.10000000000002,
      299.85,
      363.55,
      418.8
    ],
    "8": [
      130.2,
      289.45000000000005,
      369.40000000000003,
      423.35
    ],
    "9": [
      128.9,
      284.9,
      371.35,
      426.6
    ],
    "10": [
      129.6133575439453,
      304.857487487793,
      381.58753967285156,
      445.45
    ],
    "11": [
      130.85000000000002,
      284.9,
      373.95,
      438.95
    ],
    "12": [
      184.1579643249512,
      281.68302764892576,
      333,
      406.5592987060547
    ],
    "13": [
      190.65,
      284.25,
      322.6,
      403.85
    ],
    "14": [
      208.56733093261718,
      292.4998306274414,
      302.32263031005857,
      377.2
    ],
    "15": [
      216,
      293.35,
      296.6,
      383.7
    ],
    "16": [
      229,
      307,
      281.65,
      374.6
    ],
    "17": [
      233.55,
      311.55,
      278.4,
      371.35
    ],
    "18": [
      239.11316528320313,
      324.9189178466797,
      268.32500000000005,
      358.90549926757814
    ],
    "19": [
      242.21710000000002,
      324.47265,
      267.78355,
      355.2391
    ]
  },
  "Corpus Callosum": {
    "20": [
      244.33417721518987,
      217.7620253164557,
      264.4253164556962,
      320.8101265822785
    ],
    "21": [
      238.5012658227848,
      169.15443037974683,
      269.6101265822785,
      329.2354430379747
    ],
    "22": [
      233.31645569620252,
      173.69113924050632,
      278.0354430379747,
      333.1240506329114
    ],
    "23": [
      230.7240506329114,
      180.17215189873417,
      272.8506329113924,
      331.82784810126583
    ],
    "24": [
      231.3721518987342,
      187.3012658227848,
      274.79493670886075,
      327.9392405063291
    ],
    "25": [
      236.55696202531647,
      200.91139240506328,
      271.55443037974686,
      321.4582278481013
    ],
    "26": [
      235.90886075949368,
      213.873417721519,
      272.2025316455696,
      314.9772151898734
    ],
    "27": [
      240.44556962025317,
      212.5772151898734,
      265.72151898734177,
      290.3493670886076
    ],
    "28": [
      243.68607594936708,
      247.5746835443038,
      259.88860759493673,
      273.49873417721517
    ]
  },
  "Medulla Oblongata": {
    "3": [
      236.55696202531647,
      308.49620253164557,
      268.3139240506329,
      338.30886075949365
    ],
    "4": [
      237.20506329113925,
      303.3113924050633,
      268.3139240506329,
      338.95696202531644
    ],
    "5": [
      237.853164556962,
      299.4227848101266,
      267.01772151898734,
      335.71645569620256
    ],
    "6": [
      237.20506329113925,
      293.5898734177215,
      273.49873417721517,
      332.4759493670886
    ],
    "7": [
      235.2607594936709,
      291.6455696202532,
      274.14683544303796,
      331.17974683544304
    ],
    "8": [
      232.02025316455695,
      285.1645569620253,
      279.33164556962026,
      326.6430379746835
    ]
  },
  "Occipital Lobe": {
    "10": [
      272.2025316455696,
      418.673417721519,
      314.32911392405066,
      445.89367088607594
    ],
    "11": [
      265.073417721519,
      401.1746835443038,
      331.17974683544304,
      456.9113924050633
    ],
    "12": [
      132.86075949367088,
      345.4379746835443,
      371.3620253164557,
      459.50379746835443
    ],
    "13": [
      149.7113924050633,
      373.30632911392405,
      361.6405063291139,
      460.8
    ],
    "14": [
      143.87848101265823,
      362.9367088607595,
      370.0658227848101,
      464.0405063291139
    ],
    "15": [
      143.23037974683544,
      357.7518987341772,
      363.5848101265823,
      468.5772151898734
    ],
    "16": [
      138.69367088607595,
      364.88101265822786,
      364.2329113924051,
      468.5772151898734
    ],
    "17": [
      168.50632911392404,
      362.2886075949367,
      337.0126582278481,
      465.98481012658226
    ],
    "18": [
      173.04303797468356,
      364.88101265822786,
      338.30886075949365,
      467.28101265822784
    ],
    "19": [
      171.74683544303798,
      359.04810126582277,
      335.71645569620256,
      466.63291139240505
    ],
    "20": [
      171.74683544303798,
      379.1392405063291,
      325.99493670886073,
      464.0405063291139
    ],
    "21": [
      177.57974683544305,
      368.76962025316453,
      326.6430379746835,
      460.1518987341772
    ],
    "22": [
      177.57974683544305,
      364.88101265822786,
      327.9392405063291,
      459.50379746835443
    ],
    "23": [
      169.15443037974683,
      360.34430379746834,
      329.88354430379746,
      454.31898734177213
    ],
    "24": [
      173.04303797468356,
      357.7518987341772,
      329.88354430379746,
      451.07848101265824
    ],
    "25": [
      172.39493670886077,
      355.8075949367089,
      330.53164556962025,
      453.0227848101266
    ],
    "26": [
      172.39493670886077,
      369.4177215189873,
      329.2354430379747,
      452.3746835443038
    ],
    "27": [
      183.4126582278481,
      384.9721518987342,
      327.2911392405063,
      445.89367088607594
    ]
  },
  "Parietal Lobe": {
    "23": [
      115.3620253164557,
      265.073417721519,
      390.15696202531643,
      437.46835443037975
    ],
    "24": [
      113.41772151898734,
      245.63037974683544,
      388.8607594936709,
      434.2278481012658
    ],
    "25": [
      113.41772151898734,
      254.70379746835442,
      390.8050632911392,
      436.82025316455696
    ],
    "26": [
      116.01012658227847,
      260.5367088607595,
      392.7493670886076,
      430.9873417721519
    ],
    "27": [
      116.65822784810126,
      258.59240506329115,
      387.56455696202534,
      431.6354430379747
    ],
    "28": [
      117.95443037974684,
      260.5367088607595,
      388.8607594936709,
      444.59746835443036
    ],
    "29": [
      121.19493670886077,
      262.4810126582278,
      390.8050632911392,
      441.3569620253165
    ],
    "30": [
      127.02784810126582,
      258.59240506329115,
      388.8607594936709,
      433.579746835443
    ],
    "31": [
      127.6759493670886,
      268.9620253164557,
      384.3240506329114,
      429.04303797468356
    ],
    "32": [
      134.15696202531646,
      275.44303797468353,
      378.49113924050636,
      428.39493670886077
    ],
    "33": [
      138.04556962025316,
      276.0911392405063,
      374.6025316455696,
      408.95189873417723
    ],