{
  "area medial and caudal to the green point": {
    "1": 107.03060268852505,
    "2": 107.03060268852505,
    "3": 107.03060268852505,
    "4": 107.03060268852505,
    "5": 107.03060268852505,
    "6": 107.03060268852505,
    "7": 107.03060268852505,
    "8": 107.03060268852505,
    "9": 107.03060268852505,
    "10": 107.03060268852505,
    "11": 107.03060268852505,
    "12": 107.03060268852505,
    "13": 107.03060268852505,
    "14": 107.03060268852505
  },
  "Cerebellum": {
    "4": 30.26980731248807,
    "5": 98.552583131722,
    "6": 106.5286591186042,
    "7": 117.76391813894281,
    "8": 124.13953358047169,
    "9": 125.29703792945708,
    "10": 130.7270530451816,
    "11": 124.3097984593981,
    "12": 80.95332484301665,
    "13": 71.25600163757832,
    "14": 51.53297892166905,
    "15": 45.20725439678452,
    "16": 34.78662441127625,
    "17": 31.672222085666288,
    "18": 18.156059915824216,
    "19": 17.145638671946312
  },
  "Corpus Callosum": {
    "20": 11.286256988543917,
    "21": 19.053056323555275,
    "22": 22.98064364934139,
    "23": 68.43299998667848,
    "24": 64.21285363228046,
    "25": 54.64807940530849,
    "26": 46.02370215100307,
    "27": 29.164594318453144,
    "28": 13.458698641408752
  },
  "Medulla Oblongata": {
    "3": 16.15549442140351,
    "4": 16.560495161679196,
    "5": 16.80029761641144,
    "6": 20.524375751773793,
    "7": 21.80022935659164,
    "8": 23.345235059857504
  },
  "Occipital Lobe": {
    "10": 21.359174677550328,
    "11": 36.127261248814435,
    "12": 122.04903078477336,
    "13": 107.44484353698478,
    "14": 114.88175879759156,
    "15": 110.72460636795995,
    "16": 113.44501375891704,
    "17": 86.00726527685879,
    "18": 86.53650434250636,
    "19": 88.8056848655093,
    "20": 81.47295787050089,
    "21": 77.4225467295234,
    "22": 80.68226131996133,
    "23": 84.65888152864181,
    "24": 82.10266141424918,
    "25": 83.6689498102863,
    "26": 81.02826544261735,
    "27": 75.10317037644934
  },
  "Parietal Lobe": {
    "22": 75.10317037644934,
    "23": 59.78548065131481,
    "24": 79.7408096085559,
    "25": 147.13189139631393,
    "26": 150.33884776465806,
    "27": 144.0386998952006,
    "28": 143.34720261796377,
    "29": 142.64656520792983,
    "30": 140.7287442941677,
    "31": 135.15011022875063,
    "32": 130.06271795569305,
    "33": 122.99915994021327,
    "34": 104.96387605339748
  },
  "Pons": {
    "9": 32.105337278204324,
    "10": 52.75718432765495,
    "11": 46.143972421444744,
    "12": 44.648847799722915,
    "13": 39.630154202578325,
    "14": 37.15994123542539
  },
  "Thalamus": {
    "18": 25.16445906432324,
    "19": 42.5205832509386,
    "20": 34.677081768799404,
    "21": 33.50373113550191,
    "22": 32.17530108639234,
    "23": 25.387004549572207
  },
  "Frontal Lobe": {
    "15": 51.19167442132491,
    "16": 81.54658519425082,
    "17": 102.47158156826347,
    "18": 108.62911051689329,
    "19": 113.06410728417855,
    "20": 114.35497061212884,
    "21": 143.04142840118192,
    "22": 156.71004251669856,
    "23": 148.0595461281396,
    "24": 150.41855827580014,
    "25": 142.76738136149737,
    "26": 141.03524071770565,
    "27": 141.08503424656547,
    "28": 137.4992404630171,
    "29": 137.81984981493048,
    "30": 137.57499898252343,
    "31": 133.37110337053616,
    "32": 128.72273645161587,
    "33": 117.5160185403704,
    "34": 95.5529644580775,
    "untitled folder": 95.5529644580775
  },
  "Hypothalamus": {
    "16": 14.035668847618199,
    "17": 9.192388155425117,
    "18": 8.860022573334675
  },
  "Lateral Ventricle": {
    "18": 15.529215955568652,
    "19": 16.586946583966554,
    "20": 13.693971612170474,
    "21": 15.77424848806859,
    "22": 14.551472590880065,
    "23": 29.36295974122588,
    "24": 55.739275885053615,
    "25": 47.805470601627896,
    "26": 41.22148156024835,
    "27": 11.450791910938506
  },
  "Optic Chiasm": {
    "15": 34.73110997362451,
    "16": 28.5175384631984
  },
  "Superior Colliculus": {
    "17": 20.524375751773793,
    "18": 9.486832980505138
  },
  "Optic Nerves": {
    "13": 28.999332798035123,
    "14": 43.99157757594098,
    "15": 40.21284579161985
  },
  "Spinal Cord": {
    "1": 14.221462653327892,
    "2": 14.807092894960848,
    "3": 16.15549442140351
  },
  "Midbrain": {
    "15": 39.88991672234884,
    "16": 44.95922342909104,
    "17": 50.69971841765842,
    "18": 50.69971841765842,
    "19": 50.69971841765842
  },
  "Temporal Lobe": {
    "9": 46.899843335847194,
    "10": 61.513517425356866,
    "11": 29.455486281419116,
    "12": 70.20788233201539,
    "13": 87.01290867452599,
    "14": 88.64843672558388,
    "15": 92.98994867652314,
    "16": 99.56131915471859,
    "17": 96.58855130900815,
    "18": 94.38263869100783,
    "19": 72.93627982845243,
    "20": 78.66710073851257,
    "21": 66.98005645267223,
    "22": 62.92805170673606
  },
  "Caudate Nucleus": {
    "18": 15.548866308933725,
    "19": 23.949148061048284,
    "20": 23.810774578573398,
    "21": 22.14501602889449,
    "22": 22.62731567959962,
    "23": 22.353561357484878,
    "24": 23.756360457592038,
    "25": 25.402685023604008,
    "26": 25.421426012013193
  },
  "Amygdala": {
    "15": 20.886598574205422,
    "16": 23.119256043393783
  },
  "Putamen": {
    "18": 25.404811040540896,
    "19": 34.641043888090316,
    "20": 38.27857786137405,
    "21": 28.413390867110447,
    "22": 26.33951051344259,
    "23": 21.095970784123942
  }
}
